,tissue,cluster,cluster_name,subcluster,full_name,num_cells
1,P60Cerebellum_ALT,1,GranularNeuron_Gabra6,1-1,Neuron.Slc17a7.Gabra6,10243
2,P60Cerebellum_ALT,2,PurkinjeNeuron_Pcp2,2-1,Neuron.Gad1Gad2.Pcp2,89
3,P60Cerebellum_ALT,3,Interneurons_Pvalb,3-1,Neuron.Gad1Gad2.Pvalb-Nefh,360
4,P60Cerebellum_ALT,3,Interneurons_Pvalb,3-2,Neuron.Gad1Gad2.Pvalb-Rab3b,196
5,P60Cerebellum_ALT,3,Interneurons_Pvalb,3-3,Neuron.Gad1Gad2.Pvalb-Cadm1,101
6,P60Cerebellum_ALT,3,Interneurons_Pvalb,3-4,Neuron.Gad1Gad2.Pvalb-Chrm2,73
7,P60Cerebellum_ALT,4,Interneurons_and_Other_Nnat,4-1,Neuron.Slc17a6.Sln,55
8,P60Cerebellum_ALT,4,Interneurons_and_Other_Nnat,4-2,Neuron.Gad1Gad2.Lgi2,38
9,P60Cerebellum_ALT,4,Interneurons_and_Other_Nnat,4-3,Neuron.Slc17a6.Nrgn,20
10,P60Cerebellum_ALT,5,Microglia_Macrophage_C1qb,5-1,Microglia.C1qb.Mrc1-Tmem119,32
11,P60Cerebellum_ALT,6,Oligodendrocyte_Polydendrocyte_Tfr_Tnr,6-1,Oligodendroyte.Trf.Il33,127
12,P60Cerebellum_ALT,6,Oligodendrocyte_Polydendrocyte_Tfr_Tnr,6-2,Oligodendrocyte.Trf.Klk6,34
13,P60Cerebellum_ALT,6,Oligodendrocyte_Polydendrocyte_Tfr_Tnr,6-3,Polydendrocyte.Tnr.Tnr,8
14,P60Cerebellum_ALT,7,BergmannGlia_Gpr37l1,7-1,BergmannGlia_Gpr37l1,702
15,P60Cerebellum_ALT,8,Astrocyte_Gja1,8-1,Gja1.Gfap,23
16,P60Cerebellum_ALT,8,Astrocyte_Gja1,8-2,Gja1.Htra1,125
17,P60Cerebellum_ALT,9,Choroid_Plexus_Ttr,9-1,Choroid_Plexus.Ttr,25
18,P60Cerebellum_ALT,10,Endothelial_Stalk_Flt1,10-1,Endothelial_Stalk.Flt1.Mgp,73
19,P60Cerebellum_ALT,10,Endothelial_Stalk_Flt1,10-2,Endothelial_Stalk.Flt1.Car4,76
20,P60Cerebellum_ALT,10,Endothelial_Stalk_Flt1,10-3,Endothelial_Stalk.Flt1.Lrg1,52
21,P60Cerebellum_ALT,11,Endothelial_Tip_Dcn,11-1,Endothelial_Tip.Dcn.Nnat,29
22,P60Cerebellum_ALT,11,Endothelial_Tip_Dcn,11-2,Endothelial_Tip.Dcn.Apod,21
23,P60Cerebellum_ALT,11,Endothelial_Tip_Dcn,11-3,Mural.Acta2Rgs5.Acta2,35
24,P60Cerebellum_ALT,11,Endothelial_Tip_Dcn,11-4,Mural.Acta2Rgs5.Kcnj8,18
25,P60Cerebellum_ALT,11,Endothelial_Tip_Dcn,11-5,Mural.Acta2Rgs5.Rgs5,14
26,P60Cortex_noRep5_FRONTALonly,1,Interneuron_CGE_Cplx3-Synpr,1-1,Neuron.Gad1Gad2.Cplx3,658
27,P60Cortex_noRep5_FRONTALonly,1,Interneuron_CGE_Cplx3-Synpr,1-2,Neuron.Gad1Gad2.Cplx3-Reln,484
28,P60Cortex_noRep5_FRONTALonly,1,Interneuron_CGE_Cplx3-Synpr,1-3,Neuron.Gad1Gad2.Synpr-Nnat,100
29,P60Cortex_noRep5_FRONTALonly,1,Interneuron_CGE_Cplx3-Synpr,1-4,Neuron.Gad1Gad2.Synpr-Crispld2,223
30,P60Cortex_noRep5_FRONTALonly,1,Interneuron_CGE_Cplx3-Synpr,1-5,Neuron.Gad1Gad2-Chat.Synpr-Slc5a7,376
31,P60Cortex_noRep5_FRONTALonly,1,Interneuron_CGE_Cplx3-Synpr,1-6,Neuron.Gad1Gad2.Synpr-Pcdh11x,359
32,P60Cortex_noRep5_FRONTALonly,1,Interneuron_CGE_Cplx3-Synpr,1-7,Neuron.Gad1Gad2.Synpr-Dpy19l1,118
33,P60Cortex_noRep5_FRONTALonly,1,Interneuron_CGE_Cplx3-Synpr,1-8,Neuron.Gad1Gad2.Cplx3-Dpy19l1,60
34,P60Cortex_noRep5_FRONTALonly,1,Interneuron_CGE_Cplx3-Synpr,1-9,Neuron.Gad1Gad2.Cplx3-Crim1,145
35,P60Cortex_noRep5_FRONTALonly,1,Interneuron_CGE_Cplx3-Synpr,1-10,Neuron.Gad1Gad2-Slc17a8.Synpr-Sncg-Yjefn3,202
36,P60Cortex_noRep5_FRONTALonly,1,Interneuron_CGE_Cplx3-Synpr,1-11,Neuron.Gad1Gad2.Synpr-Sncg,193
37,P60Cortex_noRep5_FRONTALonly,2,Interneuron_MGE_Sst-Pvalb,2-1,Neuron.Gad1Gad2.Sst-Chodl,62
38,P60Cortex_noRep5_FRONTALonly,2,Interneuron_MGE_Sst-Pvalb,2-2,Neuron.Gad1Gad2.Sst-Pdyn,241
39,P60Cortex_noRep5_FRONTALonly,2,Interneuron_MGE_Sst-Pvalb,2-3,Neuron.Gad1Gad2.Sst-Calb2,131
40,P60Cortex_noRep5_FRONTALonly,2,Interneuron_MGE_Sst-Pvalb,2-4,Neuron.Gad1Gad2.Sst-Crh,242
41,P60Cortex_noRep5_FRONTALonly,2,Interneuron_MGE_Sst-Pvalb,2-5,Neuron.Gad1Gad2.Sst-Nr2f2,224
42,P60Cortex_noRep5_FRONTALonly,2,Interneuron_MGE_Sst-Pvalb,2-6,Neuron.Gad1Gad2.Pvalb-Unc5b,91
43,P60Cortex_noRep5_FRONTALonly,2,Interneuron_MGE_Sst-Pvalb,2-7,Neuron.Gad1Gad2.Pvalb,533
44,P60Cortex_noRep5_FRONTALonly,2,Interneuron_MGE_Sst-Pvalb,2-8,Neuron.Gad1Gad2.Pvalb-Nefm,376
45,P60Cortex_noRep5_FRONTALonly,2,Interneuron_MGE_Sst-Pvalb,2-9,Neuron.Gad1Gad2.Pvalb-Necab1,442
46,P60Cortex_noRep5_FRONTALonly,2,Interneuron_MGE_Sst-Pvalb,2-10,Neuron.Gad1Gad2-Th.Nr4a2,148
47,P60Cortex_noRep5_FRONTALonly,3,Neuron_Layer6Subplate_Syt6,3-1,Neuron.Slc17a7.Syt6-Sema5a,863
48,P60Cortex_noRep5_FRONTALonly,3,Neuron_Layer6Subplate_Syt6,3-2,Neuron.Slc17a7.Syt6-Etv1,188
49,P60Cortex_noRep5_FRONTALonly,3,Neuron_Layer6Subplate_Syt6,3-3,Neuron.Slc17a7.Syt6-Efna5,1451
50,P60Cortex_noRep5_FRONTALonly,3,Neuron_Layer6Subplate_Syt6,3-4,Neuron.Slc17a7.Syt6-Cyp26b1,655
51,P60Cortex_noRep5_FRONTALonly,3,Neuron_Layer6Subplate_Syt6,3-5,Neuron.Slc17a7.Syt6-Slc30a3,177
52,P60Cortex_noRep5_FRONTALonly,3,Neuron_Layer6Subplate_Syt6,3-6,Neuron.Slc17a7.Syt6-Slc24a2,153
53,P60Cortex_noRep5_FRONTALonly,3,Neuron_Layer6Subplate_Syt6,3-7,Neuron.Slc17a7.Syt6-Lypd1,1010
54,P60Cortex_noRep5_FRONTALonly,3,Neuron_Layer6Subplate_Syt6,3-8,NeuronSlc17a7-Slc17a6.Syt6-Nnat,610
55,P60Cortex_noRep5_FRONTALonly,3,Neuron_Layer6Subplate_Syt6,3-9,Neuron.Slc17a7.Syt6-Sema3c,425
56,P60Cortex_noRep5_FRONTALonly,3,Neuron_Layer6Subplate_Syt6,3-10,Neuron.Slc17a7-Slc17a8.Syt6-Cplx3,192
57,P60Cortex_noRep5_FRONTALonly,3,Neuron_Layer6Subplate_Syt6,3-11,Neuron.Slc17a7.Syt6-Bdnf,45
58,P60Cortex_noRep5_FRONTALonly,3,Neuron_Layer6Subplate_Syt6,3-12,Neuron.Slc17a7.Syt6-Kit,678
59,P60Cortex_noRep5_FRONTALonly,3,Neuron_Layer6Subplate_Syt6,3-13,Neuron.Slc17a7.Syt6-Fos,318
60,P60Cortex_noRep5_FRONTALonly,4,Neuron_Layer5b_Fezf2,4-1,Neuron.Slc17a6-Slc17a7-Slc17a8.Fezf2.Slc17a8,1501
61,P60Cortex_noRep5_FRONTALonly,4,Neuron_Layer5b_Fezf2,4-2,Neuron.Slc17a6-Slc17a7.Fezf2.3110035E14Rik,71
62,P60Cortex_noRep5_FRONTALonly,5,Neuron_Claustrum_Nr4a2,5-1,Neuron.Slc17a6-Slc17a7.Nr4a2,567
63,P60Cortex_noRep5_FRONTALonly,6,Neuron_Layer23_Nptxr,6-1,Neuron.Slc17a7.Nptxr-Calb1,15003
64,P60Cortex_noRep5_FRONTALonly,6,Neuron_Layer23_Nptxr,6-2,Neuron.Slc17a7.Nptxr-Ndst4,325
65,P60Cortex_noRep5_FRONTALonly,6,Neuron_Layer23_Nptxr,6-3,Neuron.Slc17a7-Slc17a6.Nptxr-Rorb,11719
66,P60Cortex_noRep5_FRONTALonly,6,Neuron_Layer23_Nptxr,6-4,Neuron.Slc17a7.Nptxr-Deptor,11549
67,P60Cortex_noRep5_FRONTALonly,6,Neuron_Layer23_Nptxr,6-5,Neuron.Slc17a7.Nptxr-Fos,332
68,P60Cortex_noRep5_FRONTALonly,6,Neuron_Layer23_Nptxr,6-6,Neuron.Slc17a7.Nptxr-Drd1,2
69,P60Cortex_noRep5_FRONTALonly,7,Neuron_Layer5_Parm1,7-1,Neuron.Slc17a7.Parm1.Ndnf,204
70,P60Cortex_noRep5_FRONTALonly,7,Neuron_Layer5_Parm1,7-2,Neuron.Slc17a7.Parm1.Nnat,200
71,P60Cortex_noRep5_FRONTALonly,7,Neuron_Layer5_Parm1,7-3,Neuron.Slc17a7.Parm1.Lsamp,708
72,P60Cortex_noRep5_FRONTALonly,7,Neuron_Layer5_Parm1,7-4,Neuron.Slc17a7.Parm1.Fos,22
73,P60Cortex_noRep5_FRONTALonly,7,Neuron_Layer5_Parm1,7-5,Neuron.Slc17a7.Parm1.Cadm2,85
74,P60Cortex_noRep5_FRONTALonly,7,Neuron_Layer5_Parm1,7-6,Neuron.Slc17a7.Parm1.Nefm,1213
75,P60Cortex_noRep5_FRONTALonly,7,Neuron_Layer5_Parm1,7-7,Neuron.Slc17a7.Parm1.Tshz2,129
76,P60Cortex_noRep5_FRONTALonly,8,Astrocyte_Gja1,8-1,Astrocyte.Gja1,4132
77,P60Cortex_noRep5_FRONTALonly,8,Astrocyte_Gja1,8-2,Astrocyte.Gja1.Myoc,690
78,P60Cortex_noRep5_FRONTALonly,9,Oligodendrocyte_Tfr,9-1,Oligodendrocyte.Tnf.Igsf8,778
79,P60Cortex_noRep5_FRONTALonly,9,Oligodendrocyte_Tfr,9-2,Oligodendrocyte.Tnf.Igsf8-Ctps,87
80,P60Cortex_noRep5_FRONTALonly,9,Oligodendrocyte_Tfr,9-3,Oligodendrocyte.Tnf.Kif5b,435
81,P60Cortex_noRep5_FRONTALonly,9,Oligodendrocyte_Tfr,9-4,Oligodendrocyte.Tnf.Ptgds,1772
82,P60Cortex_noRep5_FRONTALonly,9,Oligodendrocyte_Tfr,9-5,Oligodendrocyte.Tnf.Klk6,734
83,P60Cortex_noRep5_FRONTALonly,10,Polydendrocyte_Tnr,10-1,Polydendrocyte.Tnr.Cspg5,417
84,P60Cortex_noRep5_FRONTALonly,10,Polydendrocyte_Tnr,10-2,Polydendrocyte.Tnr.Dlx1,105
85,P60Cortex_noRep5_FRONTALonly,10,Polydendrocyte_Tnr,10-3,Polydendrocyte.Tnr.Pdgfa,185
86,P60Cortex_noRep5_FRONTALonly,10,Polydendrocyte_Tnr,10-4,Polydendrocyte.Tnr.Opalin,56
87,P60Cortex_noRep5_FRONTALonly,10,Polydendrocyte_Tnr,10-5,Polydendrocyte.Tnr.Bmp4- Ptgds,267
88,P60Cortex_noRep5_FRONTALonly,10,Polydendrocyte_Tnr,10-6,Polydendrocyte.Tnr.Bmp4-Gpr17,217
89,P60Cortex_noRep5_FRONTALonly,11,Microglia_Macrophage_C1qb,11-1,Microglia.C1qb.Tmem119,500
90,P60Cortex_noRep5_FRONTALonly,11,Microglia_Macrophage_C1qb,11-2,Neuron.Slc17a6.Reln,30
91,P60Cortex_noRep5_FRONTALonly,11,Microglia_Macrophage_C1qb,11-3,Macrophage.C1qb.Mrc1,149
92,P60Cortex_noRep5_FRONTALonly,11,Microglia_Macrophage_C1qb,11-4,Microglia.C1qb.Tmem119-Fos,15
93,P60Cortex_noRep5_FRONTALonly,12,Endothelial_Stalk_Flt1,12-1,Endothelial_Stalk.Flt1.Gkn3,1490
94,P60Cortex_noRep5_FRONTALonly,12,Endothelial_Stalk_Flt1,12-2,Endothelial_Stalk.Flt1.Mgp,71
95,P60Cortex_noRep5_FRONTALonly,12,Endothelial_Stalk_Flt1,12-3,Endothelial_Stalk.Flt1.Car4,1336
96,P60Cortex_noRep5_FRONTALonly,12,Endothelial_Stalk_Flt1,12-4,Endothelial_Stalk.Flt1.Cfh,926
97,P60Cortex_noRep5_FRONTALonly,12,Endothelial_Stalk_Flt1,12-5,Endothelial_Stalk.Flt1.Lrg1,37
98,P60Cortex_noRep5_FRONTALonly,13,Mural_Rgs5Acta2,13-1,Mural.Rgs5Acta2.Cnn1,384
99,P60Cortex_noRep5_FRONTALonly,13,Mural_Rgs5Acta2,13-2,Mural.Rgs5Acta2.Ccnd1,442
100,P60Cortex_noRep5_FRONTALonly,13,Mural_Rgs5Acta2,13-3,Mural.Rgs5Acta2.Abcc9,156
101,P60Cortex_noRep5_FRONTALonly,13,Mural_Rgs5Acta2,13-4,Mural.Rgs5Acta2.Col3a1,75
102,P60Cortex_noRep5_FRONTALonly,14,Endothelial_Tip_Dcn,14-1,Endothelial_Tip.Dcn.1500015O10Rik,93
103,P60Cortex_noRep5_FRONTALonly,14,Endothelial_Tip_Dcn,14-2,Endothelial_Tip.Dcn.Dapl1,68
104,P60Cortex_noRep5_FRONTALonly,14,Endothelial_Tip_Dcn,14-3,Endothelial_Tip.Dcn.Coch,66
105,P60Cortex_noRep5_FRONTALonly,14,Endothelial_Tip_Dcn,14-4,Endothelial_Tip.Dcn.Col15a1,96
106,P60Cortex_noRep5_FRONTALonly,14,Endothelial_Tip_Dcn,14-5,Endothelial_Tip.Dcn.Inmt,27
107,P60Cortex_noRep5_FRONTALonly,15,Tcell_Ccl4,NA,NA,NA
108,P60Cortex_noRep5_FRONTALonly,16,Tcell_Ccl5,NA,NA,NA
109,P60Cortex_noRep5_FRONTALonly,17,Bcell_Cd74,NA,NA,NA
110,P60Cortex_noRep5_FRONTALonly,18,Melanocyte_Dct,NA,NA,NA
111,P60Cortex_noRep5_POSTERIORonly,1,Neuron_Layer6Subplate_Syt6,1-1,Neuron.Slc17a7.Syt6-Cplx3,187
112,P60Cortex_noRep5_POSTERIORonly,1,Neuron_Layer6Subplate_Syt6,1-2,Neuron.Slc17a7-Slc17a8.Syt6-Lancl3,31
113,P60Cortex_noRep5_POSTERIORonly,1,Neuron_Layer6Subplate_Syt6,1-3,Neuron.Slc17a7.Syt6-Tshz2-Nrep,318
114,P60Cortex_noRep5_POSTERIORonly,1,Neuron_Layer6Subplate_Syt6,1-4,Neuron.Slc17a7.Syt6-Sla,1043
115,P60Cortex_noRep5_POSTERIORonly,1,Neuron_Layer6Subplate_Syt6,1-5,Neuron.Slc17a7.Syt6-Nnat,123
116,P60Cortex_noRep5_POSTERIORonly,1,Neuron_Layer6Subplate_Syt6,1-6,Neuron.Slc17a7.Syt6-Slc24a2,77
117,P60Cortex_noRep5_POSTERIORonly,1,Neuron_Layer6Subplate_Syt6,1-7,Neuron.Slc17a7.Syt6-Tox,444
118,P60Cortex_noRep5_POSTERIORonly,1,Neuron_Layer6Subplate_Syt6,1-8,Neuron.Slc17a7.Syt6-Nefm,1253
119,P60Cortex_noRep5_POSTERIORonly,1,Neuron_Layer6Subplate_Syt6,1-9,Neuron.Slc17a7.Syt6-Fos,431
120,P60Cortex_noRep5_POSTERIORonly,2,Neuron_Layer23_5_6_Subiculum_Calb1-Rorb-Fermt1-Tshz2-Oprk1-Crym-Sema3e,2-1,Neuron.Sc17a7.Calb1-Ddit4l,1682
121,P60Cortex_noRep5_POSTERIORonly,2,Neuron_Layer23_5_6_Subiculum_Calb1-Rorb-Fermt1-Tshz2-Oprk1-Crym-Sema3e,2-2,Neuron.Sc17a7.Calb1-Tshz2,984
122,P60Cortex_noRep5_POSTERIORonly,2,Neuron_Layer23_5_6_Subiculum_Calb1-Rorb-Fermt1-Tshz2-Oprk1-Crym-Sema3e,2-3,Neuron.Sc17a7.Tshz2-Smoc1,203
123,P60Cortex_noRep5_POSTERIORonly,2,Neuron_Layer23_5_6_Subiculum_Calb1-Rorb-Fermt1-Tshz2-Oprk1-Crym-Sema3e,2-4,Neuron.Sc17a7.Calb1-Fos,527
124,P60Cortex_noRep5_POSTERIORonly,2,Neuron_Layer23_5_6_Subiculum_Calb1-Rorb-Fermt1-Tshz2-Oprk1-Crym-Sema3e,2-5,Neuron.Sc17a7.Calb1-Lpl,4489
125,P60Cortex_noRep5_POSTERIORonly,2,Neuron_Layer23_5_6_Subiculum_Calb1-Rorb-Fermt1-Tshz2-Oprk1-Crym-Sema3e,2-6,Neuron.Sc17a7.Calb1-Otof,1458
126,P60Cortex_noRep5_POSTERIORonly,2,Neuron_Layer23_5_6_Subiculum_Calb1-Rorb-Fermt1-Tshz2-Oprk1-Crym-Sema3e,2-7,Neuron.Sc17a7.Calb1-Lpl-Penk,791
127,P60Cortex_noRep5_POSTERIORonly,2,Neuron_Layer23_5_6_Subiculum_Calb1-Rorb-Fermt1-Tshz2-Oprk1-Crym-Sema3e,2-8,Neuron.Sc17a7.Calb1-Lpl-Cadm2,85
128,P60Cortex_noRep5_POSTERIORonly,2,Neuron_Layer23_5_6_Subiculum_Calb1-Rorb-Fermt1-Tshz2-Oprk1-Crym-Sema3e,2-9,Neuron.Sc17a7.Rorb-BC006965,1664
129,P60Cortex_noRep5_POSTERIORonly,2,Neuron_Layer23_5_6_Subiculum_Calb1-Rorb-Fermt1-Tshz2-Oprk1-Crym-Sema3e,2-10,Neuron.Slc17a7-Slc17a6.Rorb-Pcdh20,3238
130,P60Cortex_noRep5_POSTERIORonly,2,Neuron_Layer23_5_6_Subiculum_Calb1-Rorb-Fermt1-Tshz2-Oprk1-Crym-Sema3e,2-11,Neuron.Sc17a7.Rorb-Gpr83,2577
131,P60Cortex_noRep5_POSTERIORonly,2,Neuron_Layer23_5_6_Subiculum_Calb1-Rorb-Fermt1-Tshz2-Oprk1-Crym-Sema3e,2-12,Neuron.Sc17a7.Fermt1,268
132,P60Cortex_noRep5_POSTERIORonly,2,Neuron_Layer23_5_6_Subiculum_Calb1-Rorb-Fermt1-Tshz2-Oprk1-Crym-Sema3e,2-13,Neuron.Slc17a7-Slc17a6.Calb1-Rorb-Il1rapl2,1858
133,P60Cortex_noRep5_POSTERIORonly,2,Neuron_Layer23_5_6_Subiculum_Calb1-Rorb-Fermt1-Tshz2-Oprk1-Crym-Sema3e,2-14,Neuron.Slc17a7-Slc17a6.Tshz2,1093
134,P60Cortex_noRep5_POSTERIORonly,2,Neuron_Layer23_5_6_Subiculum_Calb1-Rorb-Fermt1-Tshz2-Oprk1-Crym-Sema3e,2-15,Neuron.Sc17a7.Oprk1,128
135,P60Cortex_noRep5_POSTERIORonly,2,Neuron_Layer23_5_6_Subiculum_Calb1-Rorb-Fermt1-Tshz2-Oprk1-Crym-Sema3e,2-16,Neuron.Sc17a7.Crym,594
136,P60Cortex_noRep5_POSTERIORonly,2,Neuron_Layer23_5_6_Subiculum_Calb1-Rorb-Fermt1-Tshz2-Oprk1-Crym-Sema3e,2-17,Neuron.Sc17a7.Sema3e-Nnat,2117
137,P60Cortex_noRep5_POSTERIORonly,2,Neuron_Layer23_5_6_Subiculum_Calb1-Rorb-Fermt1-Tshz2-Oprk1-Crym-Sema3e,2-18,Neuron.Sc17a7.Sema3e-Onecut2,655
138,P60Cortex_noRep5_POSTERIORonly,3,Neuron_Layer5_Bcl6,3-1,Neuron.Slc17a7.Bcl6-Cbln1,534
139,P60Cortex_noRep5_POSTERIORonly,3,Neuron_Layer5_Bcl6,3-2,Neuron.Slc17a7.Bcl6-Dditl,177
140,P60Cortex_noRep5_POSTERIORonly,3,Neuron_Layer5_Bcl6,3-3,Neuron.Slc17a7.Bcl6-C1ql2,287
141,P60Cortex_noRep5_POSTERIORonly,3,Neuron_Layer5_Bcl6,3-4,Neuron.Slc17a7.Bcl6-Tcerg1l,491
142,P60Cortex_noRep5_POSTERIORonly,3,Neuron_Layer5_Bcl6,3-5,Neuron.Slc17a7.Bcl6-Fos,208
143,P60Cortex_noRep5_POSTERIORonly,3,Neuron_Layer5_Bcl6,3-6,Neuron.Slc17a7.Bcl6-Ndst4,18
144,P60Cortex_noRep5_POSTERIORonly,3,Neuron_Layer5_Bcl6,3-7,Neuron.Slc17a7.Bcl6-Ptgfr,12
145,P60Cortex_noRep5_POSTERIORonly,3,Neuron_Layer5_Bcl6,3-8,Neuron.Slc17a7.Bcl6-Tshz2-Syt2,117
146,P60Cortex_noRep5_POSTERIORonly,3,Neuron_Layer5_Bcl6,3-9,Neuron.Slc17a7.Bcl6-Pvalb,222
147,P60Cortex_noRep5_POSTERIORonly,3,Neuron_Layer5_Bcl6,3-10,Neuron.Slc17a7.Bcl6-Npnt,221
148,P60Cortex_noRep5_POSTERIORonly,4,Interneuron_CGE_Cplx3-Synpr,4-1,Neuron.Gad1Gad2.Cplx3-Reln,330
149,P60Cortex_noRep5_POSTERIORonly,4,Interneuron_CGE_Cplx3-Synpr,4-2,Neuron.Gad1Gad2.Cplx3-Npy,203
150,P60Cortex_noRep5_POSTERIORonly,4,Interneuron_CGE_Cplx3-Synpr,4-3,Neuron.Gad1Gad2.Cplx3-Egln3,124
151,P60Cortex_noRep5_POSTERIORonly,4,Interneuron_CGE_Cplx3-Synpr,4-4,Neuron.Gad1Gad2-Slc17a8.Synpr-Sncg-Yjefn3,75
152,P60Cortex_noRep5_POSTERIORonly,4,Interneuron_CGE_Cplx3-Synpr,4-5,Neuron.Gad1Gad2.Synpr-Sncg,72
153,P60Cortex_noRep5_POSTERIORonly,4,Interneuron_CGE_Cplx3-Synpr,4-6,Neuron.Gad1Gad2.Synpr-Nnat,46
154,P60Cortex_noRep5_POSTERIORonly,4,Interneuron_CGE_Cplx3-Synpr,4-7,Neuron.Gad1Gad2.Synpr-Crispld2,113
155,P60Cortex_noRep5_POSTERIORonly,4,Interneuron_CGE_Cplx3-Synpr,4-8,Neuron.Gad1Gad2-Chat.Synpr-Slc5a7,284
156,P60Cortex_noRep5_POSTERIORonly,4,Interneuron_CGE_Cplx3-Synpr,4-9,Neuron.Gad1Gad2.Synpr-Pcdh11x,201
157,P60Cortex_noRep5_POSTERIORonly,5,Interneuron_MGE_Sst-Pvalb,5-1,Neuron.Gad1Gad2.Pvalb-Unc5b,25
158,P60Cortex_noRep5_POSTERIORonly,5,Interneuron_MGE_Sst-Pvalb,5-2,Neuron.Gad1Gad2.Pvalb-Nefm,387
159,P60Cortex_noRep5_POSTERIORonly,5,Interneuron_MGE_Sst-Pvalb,5-3,Neuron.Gad1Gad2.Pvalb-Cartpt,334
160,P60Cortex_noRep5_POSTERIORonly,5,Interneuron_MGE_Sst-Pvalb,5-4,Neuron.Gad1Gad2-Th.Nr4a2,32
161,P60Cortex_noRep5_POSTERIORonly,5,Interneuron_MGE_Sst-Pvalb,5-5,Neuron.Gad1Gad2.Sst-Crh,117
162,P60Cortex_noRep5_POSTERIORonly,5,Interneuron_MGE_Sst-Pvalb,5-6,Neuron.Gad1Gad2.Sst-Pdyn,314
163,P60Cortex_noRep5_POSTERIORonly,5,Interneuron_MGE_Sst-Pvalb,5-7,Neuron.Gad1Gad2.Sst-Nr2f2,59
164,P60Cortex_noRep5_POSTERIORonly,6,RSG_Tshz2-Shisa8,6-1,Neuron.Slc17a7-Slc17a6.Shisa8,1885
165,P60Cortex_noRep5_POSTERIORonly,6,RSG_Tshz2-Shisa8,6-2,Neuron.Slc17a7-Slc17a6.Tshz2-Fos,47
166,P60Cortex_noRep5_POSTERIORonly,6,RSG_Tshz2-Shisa8,6-3,Neuron.Slc17a7-Slc17a6.Tshz2-Rasd1,173
167,P60Cortex_noRep5_POSTERIORonly,6,RSG_Tshz2-Shisa8,6-4,Neuron.Slc17a7-Slc17a6.Tshz2-Nnat,90
168,P60Cortex_noRep5_POSTERIORonly,6,RSG_Tshz2-Shisa8,6-5,Neuron.Slc17a7-Slc17a6.Tshz2-Cabp7,690
169,P60Cortex_noRep5_POSTERIORonly,6,RSG_Tshz2-Shisa8,6-6,Neuron.Slc17a7-Slc17a6.Tshz2-Npnt,753
170,P60Cortex_noRep5_POSTERIORonly,6,RSG_Tshz2-Shisa8,6-7,Neuron.Slc17a7-Slc17a6.Tshz2-Prlr,149
171,P60Cortex_noRep5_POSTERIORonly,7,Layer5b_Fezf2,7-1,Neuron.Slc17a7-Slc17a8.Fezf2-Slc17a8,222
172,P60Cortex_noRep5_POSTERIORonly,7,Layer5b_Fezf2,7-2,Neuron.Slc17a7-Slc17a6.Fezf2-Htr2c,281
173,P60Cortex_noRep5_POSTERIORonly,7,Layer5b_Fezf2,7-3,Neuron.Slc17a7-Slc17a6.Fezf2-3110035E14Rik,93
174,P60Cortex_noRep5_POSTERIORonly,8,Astrocyte_Gja1,8-1,Astrocyte.Gja1.Igfbp2,2085
175,P60Cortex_noRep5_POSTERIORonly,8,Astrocyte_Gja1,8-2,Astrocyte.Gja1.Myoc,826
176,P60Cortex_noRep5_POSTERIORonly,8,Astrocyte_Gja1,8-3,Astrocyte.Gja1.Sparc,505
177,P60Cortex_noRep5_POSTERIORonly,9,Oligodendrocyte_Tfr,9-1,Oligodendrocyte.Tfr.Ctps,295
178,P60Cortex_noRep5_POSTERIORonly,9,Oligodendrocyte_Tfr,9-2,Oligodendrocyte.Tfr.Tmem2,28
179,P60Cortex_noRep5_POSTERIORonly,9,Oligodendrocyte_Tfr,9-3,Oligodendrocyte.Tfr.Klk6,281
180,P60Cortex_noRep5_POSTERIORonly,9,Oligodendrocyte_Tfr,9-4,Oligodendrocyte.Tfr.Il33,928
181,P60Cortex_noRep5_POSTERIORonly,9,Oligodendrocyte_Tfr,9-5,Oligodendrocyte.Tfr.Sez6,144
182,P60Cortex_noRep5_POSTERIORonly,10,Polydendrocyte_Tnr,10-1,Polydendrocyte.Tnr.Cspg5,311
183,P60Cortex_noRep5_POSTERIORonly,10,Polydendrocyte_Tnr,10-2,Polydendrocyte.Tnr.Dlx1,43
184,P60Cortex_noRep5_POSTERIORonly,10,Polydendrocyte_Tnr,10-3,Polydendrocyte.Tnr.Tmsb4x,142
185,P60Cortex_noRep5_POSTERIORonly,10,Polydendrocyte_Tnr,10-4,Polydendrocyte.Tnr.Lims2-Tmsb4x,82
186,P60Cortex_noRep5_POSTERIORonly,11,Microglia_Macrophage_Tmem119-Mrc1,11-1,Microglia.C1qb.Tmem119,338
187,P60Cortex_noRep5_POSTERIORonly,11,Microglia_Macrophage_Tmem119-Mrc1,11-2,Macrophage.C1qb.Mrc1,102
188,P60Cortex_noRep5_POSTERIORonly,11,Microglia_Macrophage_Tmem119-Mrc1,11-3,Microglia.C1qb.Tmem119-Fos,9
189,P60Cortex_noRep5_POSTERIORonly,11,Microglia_Macrophage_Tmem119-Mrc1,11-4,Microglia.C1qb.Tmem119-Junb,4
190,P60Cortex_noRep5_POSTERIORonly,12,Endothelial_Stalk_Flt1,12-1,Endothelial_Stalk.Flt1.Car4,528
191,P60Cortex_noRep5_POSTERIORonly,12,Endothelial_Stalk_Flt1,12-2,Endothelial_Stalk.Flt1.Vwf,267
192,P60Cortex_noRep5_POSTERIORonly,12,Endothelial_Stalk_Flt1,12-3,Endothelial_Stalk.Flt1.Gm9946,714
193,P60Cortex_noRep5_POSTERIORonly,12,Endothelial_Stalk_Flt1,12-4,Endothelial_Stalk.Flt1.Gkn3,177
194,P60Cortex_noRep5_POSTERIORonly,13,Mural_Rgs5Acta2,13-1,Mural.Acta2Rgs5.Acta2,185
195,P60Cortex_noRep5_POSTERIORonly,13,Mural_Rgs5Acta2,13-2,Mural.Acta2Rgs5.Fos,13
196,P60Cortex_noRep5_POSTERIORonly,13,Mural_Rgs5Acta2,13-3,Mural.Acta2Rgs5Rgs5,151
197,P60Cortex_noRep5_POSTERIORonly,13,Mural_Rgs5Acta2,13-4,Mural.Acta2Rgs5.Kcnj8-Abcc9,61
198,P60Cortex_noRep5_POSTERIORonly,13,Mural_Rgs5Acta2,13-5,Mural.Acta2Rgs5.Abcc9,32
199,P60Cortex_noRep5_POSTERIORonly,14,Endothelial_Tip_Dcn,14-1,Endothelial_Tip.Dcn.Mgp-Penk,130
200,P60Cortex_noRep5_POSTERIORonly,14,Endothelial_Tip_Dcn,14-2,Endothelial_Tip.Dcn.Mgp-Clu,53
201,P60Cortex_noRep5_POSTERIORonly,14,Endothelial_Tip_Dcn,14-3,Endothelial_Tip.Dcn.Nnat,56
202,P60Cortex_noRep5_POSTERIORonly,14,Endothelial_Tip_Dcn,14-4,Endothelial_Tip.Dcn.Coch,107
203,P60Cortex_noRep5_POSTERIORonly,14,Endothelial_Tip_Dcn,14-5,Endothelial_Tip.Dcn.Inmt,45
204,P60Cortex_noRep5_POSTERIORonly,15,Outlier_Lsp1,NA,NA,NA
205,P60Cortex_noRep5_POSTERIORonly,16,Bcell_Cd74,NA,NA,NA
206,P60Cortex_noRep5_POSTERIORonly,17,Tcell_Ccl5,NA,NA,NA
207,P60Cortex_noRep5_POSTERIORonly,18,Outlier_Sec14l4,NA,NA,NA
208,P60EntoPeduncular,1,Oligodendrocyte_Tfr,1-1,Oligodendrocyte.Trf.Serpinb1a,2197
209,P60EntoPeduncular,1,Oligodendrocyte_Tfr,1-2,Oligodendrocyte.Trf.Klk6,976
210,P60EntoPeduncular,1,Oligodendrocyte_Tfr,1-3,Oligodendrocyte.Trf.Ndrg2,708
211,P60EntoPeduncular,1,Oligodendrocyte_Tfr,1-4,Oligodendrocyte.Trf.Il33,1331
212,P60EntoPeduncular,1,Oligodendrocyte_Tfr,1-5,Oligodendrocyte.Trf.Ctps,134
213,P60EntoPeduncular,2,Endothelial_Stalk_Flt1,2-1,Endothelial_Stalk.Flt1.Car4,422
214,P60EntoPeduncular,2,Endothelial_Stalk_Flt1,2-2,Endothelial_Stalk.Flt1.Vwf,64
215,P60EntoPeduncular,2,Endothelial_Stalk_Flt1,2-3,Endothelial_Stalk.Flt1.Tgfb2,336
216,P60EntoPeduncular,2,Endothelial_Stalk_Flt1,2-4,Endothelial_Stalk.Flt1.Gkn3,239
217,P60EntoPeduncular,3,Mural_Endothelial_Tip_Rgs5Acta2-Dcn,3-1,Mural.Rgs5Acta2.Kcnj8,52
218,P60EntoPeduncular,3,Mural_Endothelial_Tip_Rgs5Acta2-Dcn,3-2,Endothelial_Tip.Dcn,37
219,P60EntoPeduncular,3,Mural_Endothelial_Tip_Rgs5Acta2-Dcn,3-3,Mural.Rgs5Acta2.Pdgfa,27
220,P60EntoPeduncular,3,Mural_Endothelial_Tip_Rgs5Acta2-Dcn,3-4,Mural.Rgs5Acta2.Ccnd1,96
221,P60EntoPeduncular,3,Mural_Endothelial_Tip_Rgs5Acta2-Dcn,3-5,Mural.Rgs5Acta2.Cnn1,75
222,P60EntoPeduncular,3,Mural_Endothelial_Tip_Rgs5Acta2-Dcn,3-6,Mural.Rgs5Acta2.Junb,7
223,P60EntoPeduncular,4,Neuron_Syt1,4-1,Neuron.Slc17a7.Zbtb20,22
224,P60EntoPeduncular,4,Neuron_Syt1,4-2,Neuron.Gad1Gad2.Six3-Pvalb,74
225,P60EntoPeduncular,4,Neuron_Syt1,4-3,Neuron.Gad1Gad2-Slc17a6.Cbln1,70
226,P60EntoPeduncular,4,Neuron_Syt1,4-4,Neuron.Gad1Gad2.Dlk1,283
227,P60EntoPeduncular,4,Neuron_Syt1,4-5,Neuron.Gad1Gad2.Tcf7l2,44
228,P60EntoPeduncular,4,Neuron_Syt1,4-6,Neuron.Slc17a6.Pitx2,306
229,P60EntoPeduncular,4,Neuron_Syt1,4-7,Neuron.Gad1Gad2.Pvalb-Gfra2,233
230,P60EntoPeduncular,4,Neuron_Syt1,4-8,Neuron.Gad1Gad2.Pvalb-Ntng1,71
231,P60EntoPeduncular,4,Neuron_Syt1,4-9,Neuron.Gad1Gad2.Pvalb-Spp1,50
232,P60EntoPeduncular,4,Neuron_Syt1,4-10,Neuron.Gad1Gad2.Pmch,10
233,P60EntoPeduncular,4,Neuron_Syt1,4-11,Neuron.Gad1Gad2.Otx2,9
234,P60EntoPeduncular,4,Neuron_Syt1,4-12,Neuron.Gad1Gad2-Chat,8
235,P60EntoPeduncular,5,Polydendrocyte_Tnr,5-1,Polydendrocyte.Tnr.Bmp4,71
236,P60EntoPeduncular,5,Polydendrocyte_Tnr,5-2,Polydendrocyte.Tnr.Pdgfa,87
237,P60EntoPeduncular,5,Polydendrocyte_Tnr,5-3,Polydendrocyte.Tnr.Ctps,60
238,P60EntoPeduncular,6,Polydendrocyte_Cacng4,6-1,Polydendrocyte.Tnr.Cspg5,135
239,P60EntoPeduncular,7,Astrocyte_Gja1,7-1,Astrocyte.Gja1.Myoc,50
240,P60EntoPeduncular,7,Astrocyte_Gja1,7-2,Astrocyte.Gja1.Htra1,288
241,P60EntoPeduncular,8,Oligodendrocyte_Mbp,8-1,Oligodendrocyte.Trf.Cldn11,56
242,P60EntoPeduncular,8,Oligodendrocyte_Mbp,8-2,Oligodendrocyte.Trf.Ndrg2,100
243,P60EntoPeduncular,9,Tcell_Ccl5,NA,NA,NA
244,P60EntoPeduncular,10,Macrophage_Mrc1,NA,NA,NA
245,P60EntoPeduncular,11,Outlier_Hbb-bs,NA,NA,NA
246,P60EntoPeduncular,12,Mitotis_MkI67,NA,NA,NA
247,P60EntoPeduncular,13,Bcell_Cd74,NA,NA,NA
248,P60EntoPeduncular,14,Microglia_Tmem119,NA,NA,NA
249,P60EntoPeduncular,15,Choroid_Plexus,NA,NA,NA
250,P60EntoPeduncular,16,Endothelial_Stalk_Flt1-Fbln5,NA,NA,NA
251,P60EntoPeduncular,17,RBC_Hbb-bs,NA,NA,NA
252,P60GlobusPallidus,1,Neuron_Chat,1-1,Neuron.Chat-Gad1Gad2-Slc17a8.Ngfr,145
253,P60GlobusPallidus,1,Neuron_Chat,1-2,Neuron.Chat-Gad1Gad2-Slc17a8.Nefm,62
254,P60GlobusPallidus,2,Neuron_Gabra1,2-1,Neuron.Gad1Gad2.Tac1,74
255,P60GlobusPallidus,2,Neuron_Gabra1,2-2,Neuron.Slc17a6.Cck,153
256,P60GlobusPallidus,2,Neuron_Gabra1,2-3,Neuron.Gad1Gad2.Tac2,473
257,P60GlobusPallidus,2,Neuron_Gabra1,2-4,Neuron.Gad1Gad2.Hpcal4,420
258,P60GlobusPallidus,2,Neuron_Gabra1,2-5,Neuron.Gad1Gad2.Sst,203
259,P60GlobusPallidus,2,Neuron_Gabra1,2-6,Neuron.Gad1Gad2.Satb1,154
260,P60GlobusPallidus,2,Neuron_Gabra1,2-7,Neuron.Gad1Gad2-Slc17a6.Cbln1,149
261,P60GlobusPallidus,2,Neuron_Gabra1,2-8,Neuron.Slc17a6.Tcf7l2,284
262,P60GlobusPallidus,2,Neuron_Gabra1,2-9,Neuron.Slc17a6.Rspo3,228
263,P60GlobusPallidus,2,Neuron_Gabra1,2-10,Neuron.Gad1Gad2.Cadm2,44
264,P60GlobusPallidus,2,Neuron_Gabra1,2-11,Neuron.Slc17a7.Neurod2-Rorb,95
265,P60GlobusPallidus,2,Neuron_Gabra1,2-12,Neuron.Slc17a7.Neurod2-C1ql3,72
266,P60GlobusPallidus,2,Neuron_Gabra1,2-13,Neuron.Gad1Gad2.Grem,396
267,P60GlobusPallidus,2,Neuron_Gabra1,2-14,Neuron.Gad1Gad2.Scn4b,349
268,P60GlobusPallidus,2,Neuron_Gabra1,2-15,Neuron.Gad1Gad2.Fibcd1,384
269,P60GlobusPallidus,2,Neuron_Gabra1,2-16,Neuron.Gad1Gad2.Trdn,212
270,P60GlobusPallidus,2,Neuron_Gabra1,2-17,Neuron.Gad1Gad2.Elfn1-Grik3,181
271,P60GlobusPallidus,2,Neuron_Gabra1,2-18,Neuron.Gad1Gad2.Pappa,121
272,P60GlobusPallidus,2,Neuron_Gabra1,2-19,Neuron.Gad1Gad2.Cyp26b1,516
273,P60GlobusPallidus,2,Neuron_Gabra1,2-20,Neuron.Gad1Gad2.Six3-Pvalb,122
274,P60GlobusPallidus,2,Neuron_Gabra1,2-21,Neuron.Gad1Gad2.Vip,91
275,P60GlobusPallidus,2,Neuron_Gabra1,2-22,Neuron.Gad1Gad2.Lamp5-Cplx3,19
276,P60GlobusPallidus,2,Neuron_Gabra1,2-23,Neuron.Gad1Gad2.Trh,41
277,P60GlobusPallidus,2,Neuron_Gabra1,2-24,Neuron.Gad1Gad2.Igfbp4.Rgs4,116
278,P60GlobusPallidus,2,Neuron_Gabra1,2-25,Neuron.Gad1Gad2.Igfbp4.Adora1,82
279,P60GlobusPallidus,3,Neuron_Ppp1r1b,3-1,Neuron.Gad1Gad2.Drd1-Nefm,1064
280,P60GlobusPallidus,3,Neuron_Ppp1r1b,3-2,Neuron.Gad1Gad2.Drd1-Pdyn,367
281,P60GlobusPallidus,3,Neuron_Ppp1r1b,3-3,Neuron.Gad1Gad2.Adora2a,823
282,P60GlobusPallidus,3,Neuron_Ppp1r1b,3-4,Neuron.Gad1Gad2.Cadm2,264
283,P60GlobusPallidus,3,Neuron_Ppp1r1b,3-5,Neuron.Gad1Gad2.Drd1-Pde1c,509
284,P60GlobusPallidus,3,Neuron_Ppp1r1b,3-6,Neuron.Gad1Gad2.Adora2a-Pde1c,470
285,P60GlobusPallidus,3,Neuron_Ppp1r1b,3-7,Neuron.Gad1Gad2.Sphkap-Tmem255a,513
286,P60GlobusPallidus,3,Neuron_Ppp1r1b,3-8,Neuron.Gad1Gad2.Sphkap-Cpne4,172
287,P60GlobusPallidus,3,Neuron_Ppp1r1b,3-9,Neuron.Gad1Gad2-Th.Adora2a-Th,410
288,P60GlobusPallidus,3,Neuron_Ppp1r1b,3-10,Neuron.Gad1Gad2.Vipr2,36
289,P60GlobusPallidus,4,Polydendrocyte_Tnr,4-1,Polydendrocyte.Tnr.Pdgfa-Pik3r3,218
290,P60GlobusPallidus,4,Polydendrocyte_Tnr,4-2,Polydendrocyte.Tnr.Pdgfa-Tmem2,116
291,P60GlobusPallidus,4,Polydendrocyte_Tnr,4-3,Polydendrocyte.Tnr.Opalin,33
292,P60GlobusPallidus,4,Polydendrocyte_Tnr,4-4,Polydendrocyte.Tnr.Bmp4,281
293,P60GlobusPallidus,4,Polydendrocyte_Tnr,4-5,Polydendrocyte.Tnr.Cspg5,402
294,P60GlobusPallidus,4,Polydendrocyte_Tnr,4-6,Mitotic.MkI67,17
295,P60GlobusPallidus,4,Polydendrocyte_Tnr,4-7,Polydendrocyte.Tnr.Cyth3,6
296,P60GlobusPallidus,5,Astrocyte_Gja1,5-1,Astrocyte.Gja1.Gfap,2433
297,P60GlobusPallidus,5,Astrocyte_Gja1,5-2,Astrocyte.Gja1.Crym,2023
298,P60GlobusPallidus,6,Ependymal_Ccdc153,6-1,Ependymal.Ccdc153,26
299,P60GlobusPallidus,7,Endothelial_Stalk_Flt1,7-1,Endothelial_Stalk.Flt1.Apold1,322
300,P60GlobusPallidus,7,Endothelial_Stalk_Flt1,7-2,Endothelial_Stalk.Flt1.Cdkn1c,735
301,P60GlobusPallidus,7,Endothelial_Stalk_Flt1,7-3,Endothelial_Stalk.Flt1.Mgp,108
302,P60GlobusPallidus,7,Endothelial_Stalk_Flt1,7-4,Endothelial_Stalk.Flt1.Lcn2,199
303,P60GlobusPallidus,7,Endothelial_Stalk_Flt1,7-5,Endothelial_Stalk.Flt1.Car4,763
304,P60GlobusPallidus,7,Endothelial_Stalk_Flt1,7-6,Endothelial_Stalk.Flt1.Angpt2,572
305,P60GlobusPallidus,8,Mural_Rgs5Acta2,8-1,Mural.Rgs5Acta2.Acta2,370
306,P60GlobusPallidus,8,Mural_Rgs5Acta2,8-2,Mural.Rgs5Acta2.Kcnj8,113
307,P60GlobusPallidus,8,Mural_Rgs5Acta2,8-3,Mural.Rgs5Acta2.Lmcd1,38
308,P60GlobusPallidus,8,Mural_Rgs5Acta2,8-4,Mural.Rgs5Acta2.Rgs5,415
309,P60GlobusPallidus,8,Mural_Rgs5Acta2,8-5,Mural.Rgs5Acta2.Pappa2,13
310,P60GlobusPallidus,9,Endothelial_Tip_Dcn,9-1,Endothelial_Tip.Dcn.Mgp,74
311,P60GlobusPallidus,9,Endothelial_Tip_Dcn,9-2,Endothelial_Tip.Dcn.Col15a1,77
312,P60GlobusPallidus,9,Endothelial_Tip_Dcn,9-3,Endothelial_Tip.Dcn.Ifitm1,60
313,P60GlobusPallidus,10,Oligodendrocyte_Tfr,10-1,Oligodendrocyte.Trf.Mbp,4102
314,P60GlobusPallidus,10,Oligodendrocyte_Tfr,10-2,Oligodendrocyte.Trf.Klk6,1482
315,P60GlobusPallidus,10,Oligodendrocyte_Tfr,10-3,Oligodendrocyte.Trf.Ttyh1,1231
316,P60GlobusPallidus,10,Oligodendrocyte_Tfr,10-4,Oligodendrocyte.Trf.Ctps,113
317,P60GlobusPallidus,10,Oligodendrocyte_Tfr,10-5,Oligodendrocyte.Trf.Il33,2650
318,P60GlobusPallidus,10,Oligodendrocyte_Tfr,10-6,Oligodendrocyte.Trf.Kif5b,761
319,P60GlobusPallidus,11,Microglia_Macrophage_C1qb,11-1,Microglia.C1qb.Tmem119,198
320,P60GlobusPallidus,11,Microglia_Macrophage_C1qb,11-2,Macrophage.C1qb.Mrc1,122
321,P60GlobusPallidus,12,Outlier_Deptor,NA,NA,NA
322,P60GlobusPallidus,13,Tcell_Ccl5,NA,NA,NA
323,P60GlobusPallidus,14,PBMC_Hbb-bs_2,NA,NA,NA
324,P60GlobusPallidus,15,PBMC_Gm16755,NA,NA,NA
325,P60GlobusPallidus,16,RBC_Hbb-bs,NA,NA,NA
326,P60GlobusPallidus,17,Bcell_Cd74,NA,NA,NA
327,P60GlobusPallidus,18,Microglia_C1qb-Ctss,NA,NA,NA
328,P60Hippocampus,1,Interneuron_Gad2,1-1,Neuron.Gad1Gad2_Pvalb.C1ql1,108
329,P60Hippocampus,1,Interneuron_Gad2,1-2,Neuron.Gad1Gad2_Id2.Sfrp2,40
330,P60Hippocampus,1,Interneuron_Gad2,1-3,Neuron.Gad1Gad2_Sst.Atp2b4,31
331,P60Hippocampus,1,Interneuron_Gad2,1-4,Neuron.Gad1Gad2Slc17a8_Sst.Ncam2,160
332,P60Hippocampus,1,Interneuron_Gad2,1-5,Neuron.Gad1Gad2_Sst.Spon1,101
333,P60Hippocampus,1,Interneuron_Gad2,1-6,Neuron.Gad1Gad2_Pvalb.Tac1,244
334,P60Hippocampus,1,Interneuron_Gad2,1-7,Neuron.Gad1Gad2_Pvalb.Gfra1,111
335,P60Hippocampus,1,Interneuron_Gad2,1-8,Neuron.Gad1Gad2_Sst.Rbp4,105
336,P60Hippocampus,1,Interneuron_Gad2,1-9,Neuron.Gad1Gad2_Sst.Grm1,139
337,P60Hippocampus,1,Interneuron_Gad2,1-10,Neuron.Gad1Gad2_Sst.Pcdh11x,83
338,P60Hippocampus,1,Interneuron_Gad2,1-11,Gad1Gad2_Cplx3.Rxfp1,134
339,P60Hippocampus,1,Interneuron_Gad2,1-12,Gad1Gad2_Cplx3.Tox,88
340,P60Hippocampus,1,Interneuron_Gad2,1-13,Gad1Gad2_Id2.Tac1,85
341,P60Hippocampus,1,Interneuron_Gad2,1-14,Gad1Gad2_Id2.Bcl11b,304
342,P60Hippocampus,1,Interneuron_Gad2,1-15,Gad1Gad2_Id2.Prlr,171
343,P60Hippocampus,1,Interneuron_Gad2,1-16,Gad1Gad2_Htr3a.Nnat,63
344,P60Hippocampus,1,Interneuron_Gad2,1-17,Gad1Gad2Chat_Htr3a.Chat,179
345,P60Hippocampus,1,Interneuron_Gad2,1-18,Gad1Gad2_Htr3a.Phlda1,101
346,P60Hippocampus,1,Interneuron_Gad2,1-19,Gad1Gad2_Htr3a.Efba5,42
347,P60Hippocampus,1,Interneuron_Gad2,1-20,Gad1Gad2_Htr3a.Cpne5,84
348,P60Hippocampus,1,Interneuron_Gad2,1-21,Gad1Gad2_Htr3a.Ecel1,73
349,P60Hippocampus,1,Interneuron_Gad2,1-22,Gad1Gad2_Htr3a.Ibsp,86
350,P60Hippocampus,1,Interneuron_Gad2,1-23,Gad1Gad2_Htr3a.Krt73,153
351,P60Hippocampus,1,Interneuron_Gad2,1-24,Gad1Gad2Slc17a8_Htr3a.Ktcd12,148
352,P60Hippocampus,1,Interneuron_Gad2,1-25,Gad1Gad2_Htr3a.Chrm2,52
353,P60Hippocampus,1,Interneuron_Gad2,1-26,Gad1Gad2_Htr3a.Htr1b,101
354,P60Hippocampus,1,Interneuron_Gad2,1-27,Gad1Gad2_Htr3a.Sema3c,49
355,P60Hippocampus,2,Neuron_Subiculum_Slc17a6,2-1,Neuron.Slc17a7.Cbln4,196
356,P60Hippocampus,2,Neuron_Subiculum_Slc17a6,2-2,Neuron.Slc17a6.Htr1a,187
357,P60Hippocampus,2,Neuron_Subiculum_Slc17a6,2-3,Neuron.Slc17a6.Nts,150
358,P60Hippocampus,2,Neuron_Subiculum_Slc17a6,2-4,Neuron.Slc17a6.Nnat,105
359,P60Hippocampus,2,Neuron_Subiculum_Slc17a6,2-5,Neuron.Slc17a6.Nell1,854
360,P60Hippocampus,2,Neuron_Subiculum_Slc17a6,2-6,Neuron.Slc17a6.Nefm,864
361,P60Hippocampus,2,Neuron_Subiculum_Slc17a6,2-7,Neuron.Slc17a6.Grp,731
362,P60Hippocampus,3,Neuron_Subiculum_Entorhinal_Nxph3,3-1,Neuron.Slc17a7-Slc17a6.Nxph3-Nts,107
363,P60Hippocampus,3,Neuron_Subiculum_Entorhinal_Nxph3,3-2,Neuron.Slc17a7-Slc17a6.Nxph3-Cbln2-Htr2c,269
364,P60Hippocampus,3,Neuron_Subiculum_Entorhinal_Nxph3,3-3,Neuron.Slc17a7-Slc17a6.Nxph3-Cbln2-Kcnh8,240
365,P60Hippocampus,3,Neuron_Subiculum_Entorhinal_Nxph3,3-4,Neuron.Slc17a7.Nxph3-Hpcal1-Tpbg,15
366,P60Hippocampus,3,Neuron_Subiculum_Entorhinal_Nxph3,3-5,Neuron.Slc17a7.Nxph3-Hpcal1-Fos,27
367,P60Hippocampus,3,Neuron_Subiculum_Entorhinal_Nxph3,3-6,Neuron.Slc17a7.Nxph3-Hpcal-Igfbp4,549
368,P60Hippocampus,3,Neuron_Subiculum_Entorhinal_Nxph3,3-7,Neuron.Slc17a7.Nxph3-Hpcal-Krt12,379
369,P60Hippocampus,3,Neuron_Subiculum_Entorhinal_Nxph3,3-8,Neuron.Slc17a7.Nxph3-Cplx3-Hs6st2,131
370,P60Hippocampus,3,Neuron_Subiculum_Entorhinal_Nxph3,3-9,Neuron.Slc17a7.Nxph3-Cplx3-Pappa2,51
371,P60Hippocampus,3,Neuron_Subiculum_Entorhinal_Nxph3,3-10,Neuron.Slc17a7.Nxph3-Sema3c,398
372,P60Hippocampus,3,Neuron_Subiculum_Entorhinal_Nxph3,3-11,Neuron.Slc17a7.Nxph3-Ajap1,57
373,P60Hippocampus,4,Neuron_Dentate_C1ql2,4-1,Neuron.Slc17a7.C1ql2-Cck,11727
374,P60Hippocampus,4,Neuron_Dentate_C1ql2,4-2,Neuron.Slc17a7.C1ql2-Penk,1538
375,P60Hippocampus,5,Neuron_CA1_Subiculum_Postsubiculum_Entorhinal_Fibcd1-Dcn-Cbln1-Ptgfr-Fezf2,5-1,Neuron.Slc17a7.Fibcd1-Lypd1,3088
376,P60Hippocampus,5,Neuron_CA1_Subiculum_Postsubiculum_Entorhinal_Fibcd1-Dcn-Cbln1-Ptgfr-Fezf2,5-2,Neuron.Slc17a7.Fibcd1-Nrip3,500
377,P60Hippocampus,5,Neuron_CA1_Subiculum_Postsubiculum_Entorhinal_Fibcd1-Dcn-Cbln1-Ptgfr-Fezf2,5-3,Neuron.Slc17a7.Fibcd1-Nptx2,621
378,P60Hippocampus,5,Neuron_CA1_Subiculum_Postsubiculum_Entorhinal_Fibcd1-Dcn-Cbln1-Ptgfr-Fezf2,5-4,Neuron.Slc17a7.Fibcd1-Kitl,588
379,P60Hippocampus,5,Neuron_CA1_Subiculum_Postsubiculum_Entorhinal_Fibcd1-Dcn-Cbln1-Ptgfr-Fezf2,5-5,Neuron.Slc17a7.Fibcd1-Grm5,74
380,P60Hippocampus,5,Neuron_CA1_Subiculum_Postsubiculum_Entorhinal_Fibcd1-Dcn-Cbln1-Ptgfr-Fezf2,5-6,Neuron.Slc17a7.Dcn-Pou3f1,1556
381,P60Hippocampus,5,Neuron_CA1_Subiculum_Postsubiculum_Entorhinal_Fibcd1-Dcn-Cbln1-Ptgfr-Fezf2,5-7,Neuron.Slc17a7.FIbcd1-Inhba,406
382,P60Hippocampus,5,Neuron_CA1_Subiculum_Postsubiculum_Entorhinal_Fibcd1-Dcn-Cbln1-Ptgfr-Fezf2,5-8,Neuron.Slc17a7.Fibcd1-Fos,144
383,P60Hippocampus,5,Neuron_CA1_Subiculum_Postsubiculum_Entorhinal_Fibcd1-Dcn-Cbln1-Ptgfr-Fezf2,5-9,Neuron.Slc17a7.Dcn-Camk2d,156
384,P60Hippocampus,5,Neuron_CA1_Subiculum_Postsubiculum_Entorhinal_Fibcd1-Dcn-Cbln1-Ptgfr-Fezf2,5-10,Neuron.Slc17a7.Reln,56
385,P60Hippocampus,5,Neuron_CA1_Subiculum_Postsubiculum_Entorhinal_Fibcd1-Dcn-Cbln1-Ptgfr-Fezf2,5-11,Neuron.Slc17a7.Cbln1-Gpr88,787
386,P60Hippocampus,5,Neuron_CA1_Subiculum_Postsubiculum_Entorhinal_Fibcd1-Dcn-Cbln1-Ptgfr-Fezf2,5-12,Neuron.Slc17a7.Cbln1-Trps1,80
387,P60Hippocampus,5,Neuron_CA1_Subiculum_Postsubiculum_Entorhinal_Fibcd1-Dcn-Cbln1-Ptgfr-Fezf2,5-13,Neuron.Slc17a7.Ptgfr,43
388,P60Hippocampus,5,Neuron_CA1_Subiculum_Postsubiculum_Entorhinal_Fibcd1-Dcn-Cbln1-Ptgfr-Fezf2,5-14,Neuron.Slc17a7.Fezf2-Efna5,689
389,P60Hippocampus,5,Neuron_CA1_Subiculum_Postsubiculum_Entorhinal_Fibcd1-Dcn-Cbln1-Ptgfr-Fezf2,5-15,Neuron.Slc17a7.Fezf2-Rxfp1,327
390,P60Hippocampus,6,Neuron_CA2CA3_Pvrl3-Rgs15-Calb2,6-1,Neuron.Slc17a7.Pvrl3-Nos1,5063
391,P60Hippocampus,6,Neuron_CA2CA3_Pvrl3-Rgs15-Calb2,6-2,Neuron.Slc17a7.Pvrl3-Grm5,243
392,P60Hippocampus,6,Neuron_CA2CA3_Pvrl3-Rgs15-Calb2,6-3,Neuron.Slc17a7.Pvrl3-St18,649
393,P60Hippocampus,6,Neuron_CA2CA3_Pvrl3-Rgs15-Calb2,6-4,Neuron.Slc17a7.Rgs14,330
394,P60Hippocampus,6,Neuron_CA2CA3_Pvrl3-Rgs15-Calb2,6-5,Neuron.Slc17a7.Calb2-Vgll3,114
395,P60Hippocampus,6,Neuron_CA2CA3_Pvrl3-Rgs15-Calb2,6-6,Neuron.Slc17a7.Calb2-Adcyap1,416
396,P60Hippocampus,6,Neuron_CA2CA3_Pvrl3-Rgs15-Calb2,6-7,Neuron.Slc17a7.Pvrl3-Inhba,246
397,P60Hippocampus,6,Neuron_CA2CA3_Pvrl3-Rgs15-Calb2,6-8,Neuron.Slc17a7.Pvrl3-Fos,71
398,P60Hippocampus,7,Astrocyte_Gja1,7-1,Astrocyte.Gja1.Nnat,6767
399,P60Hippocampus,7,Astrocyte_Gja1,7-2,Astrocyte.Gja1.Myoc,491
400,P60Hippocampus,7,Astrocyte_Gja1,7-3,Astrocyte.Gja1.Fabp7,245
401,P60Hippocampus,8,Oligodendrocyte_Tfr,8-1,Oligodendrocyte.Trf.Plin3,556
402,P60Hippocampus,8,Oligodendrocyte_Tfr,8-2,Oligodendrocyte.Trf.Ndrg2,227
403,P60Hippocampus,8,Oligodendrocyte_Tfr,8-3,Oligodendrocyte.Trf.Il33,1100
404,P60Hippocampus,8,Oligodendrocyte_Tfr,8-4,Oligodendrocyte.Trf.Man1a,292
405,P60Hippocampus,8,Oligodendrocyte_Tfr,8-5,Oligodendrocyte.Trf.Ctps,21
406,P60Hippocampus,9,Polydendrocyte_Tnr,9-1,Polydendrocyte.Tnr.Pdgfa,208
407,P60Hippocampus,9,Polydendrocyte_Tnr,9-2,Polydendrocyte.Tnr.Bmp4,155
408,P60Hippocampus,9,Polydendrocyte_Tnr,9-3,Polydendrocyte.Tnr.Cspg5,387
409,P60Hippocampus,9,Polydendrocyte_Tnr,9-4,Polydendrocyte.Tnr.Ptprz1,296
410,P60Hippocampus,10,Microglia_Macrophage_C1qb,10-1,Microglia.C1qb.Tmem119,467
411,P60Hippocampus,10,Microglia_Macrophage_C1qb,10-2,Macrophage.C1qb.Mrc1,78
412,P60Hippocampus,11,Ependymal_Ccdc153,11-1,Ependymal.Ccdc153,337
413,P60Hippocampus,12,Choroid_Plexus_Ttr,12-1,Choroid_Plexus.Ttr,22
414,P60Hippocampus,13,Neurogenesis_Sox4,13-1,Neurogenesis.Sox4.Efhd2,75
415,P60Hippocampus,13,Neurogenesis_Sox4,13-2,Neurogenesis.Sox4.Hist1h2al,110
416,P60Hippocampus,13,Neurogenesis_Sox4,13-3,Neurogenesis.Sox4.Cdc20,41
417,P60Hippocampus,13,Neurogenesis_Sox4,13-4,Neurogenesis.Sox4.Gad2,21
418,P60Hippocampus,13,Neurogenesis_Sox4,13-5,Neurogenesis.Sox4.Gabra5,130
419,P60Hippocampus,13,Neurogenesis_Sox4,13-6,Neurogenesis.Sox4.Ppp2r2b,81
420,P60Hippocampus,14,Neuron_CajalRetzius_Lhx1,14-1,Neuron.Slc17a6.Lhx1,336
421,P60Hippocampus,15,Endothelial_Stalk_Flt1,15-1,Endothelial_Stalk.Flt1.Cdkn2b,1816
422,P60Hippocampus,15,Endothelial_Stalk_Flt1,15-2,Endothelial_Stalk.Flt1.Lcn2,87
423,P60Hippocampus,16,Mural_Rgs5Acta2,16-1,Mural.Rgs5Acta2.Cnn1,332
424,P60Hippocampus,16,Mural_Rgs5Acta2,16-2,Mural.Rgs5Acta2.Ccnd1,222
425,P60Hippocampus,16,Mural_Rgs5Acta2,16-3,Mural.Rgs5Acta2.Kcnj8,118
426,P60Hippocampus,16,Mural_Rgs5Acta2,16-4,Mural.Rgs5Acta2.Col3a1,33
427,P60Hippocampus,17,Endothelial_Tip_Dcn,17-1,Endothelial_Tip.Dcn.Rbp4,148
428,P60Hippocampus,17,Endothelial_Tip_Dcn,17-2,Endothelial_Tip.Dcn.Agt,19
429,P60Hippocampus,17,Endothelial_Tip_Dcn,17-3,Endothelial_Tip.Dcn.Mgp,69
430,P60Hippocampus,17,Endothelial_Tip_Dcn,17-4,Endothelial_Tip.Dcn.Il33,60
431,P60Hippocampus,18,Tcell_Ccl5,NA,NA,NA
432,P60Hippocampus,19,Choroid_Plexus_Coch,NA,NA,NA
433,P60Hippocampus,20,RBC_Hbb-bs,NA,NA,NA
434,P60Hippocampus,21,Bcell_Cd74,NA,NA,NA
435,P60Hippocampus,22,Tcell_Ccl4,NA,NA,NA
436,P60Striatum,1,Ependyma_Ccdc153,1-1,Ependyma_Ccdc153.Ccdc153,257
437,P60Striatum,2,Neurogenesis_Sox4,2-1,Neurogenesis.Sox4.Ung,139
438,P60Striatum,2,Neurogenesis_Sox4,2-2,Neurogenesis.Sox4.Stmn2,78
439,P60Striatum,2,Neurogenesis_Sox4,2-3,Neurogenesis.Sox4.Tuba1c,128
440,P60Striatum,2,Neurogenesis_Sox4,2-4,Neurogenesis.Sox4.Stmn2-Csrp2,69
441,P60Striatum,2,Neurogenesis_Sox4,2-5,Neurogenesis.Sox4.Hist1h2al,189
442,P60Striatum,2,Neurogenesis_Sox4,2-6,Neurogenesis.Sox4.Notum,53
443,P60Striatum,3,Oligodendrocytes_Tfr,3-1,Oligodendrocyte.Trf.Klk6,383
444,P60Striatum,3,Oligodendrocytes_Tfr,3-2,Oligodendrocyte.Trf.Il33,1067
445,P60Striatum,3,Oligodendrocytes_Tfr,3-3,Oligodendrocyte.Trf.Ctps,215
446,P60Striatum,4,Astrocyte_Gja1,4-1,Astrocyte.Gja1.Htra1,1676
447,P60Striatum,4,Astrocyte_Gja1,4-2,Astrocyte.Gja1.Sparc-Car2,450
448,P60Striatum,4,Astrocyte_Gja1,4-3,Astrocyte.Gja1.Notum,201
449,P60Striatum,5,Polydendrocytes_Tnr,5-1,Polydendrocye.Tnr.Cspg5,344
450,P60Striatum,5,Polydendrocytes_Tnr,5-2,Polydendrocye.Tnr.Bmp4,105
451,P60Striatum,5,Polydendrocytes_Tnr,5-3,Polydendrocye.Tnr.Pdgfa,76
452,P60Striatum,5,Polydendrocytes_Tnr,5-4,Polydendrocye.Tnr.Ctps,13
453,P60Striatum,6,Microglia_Macrophage_C1qb,6-1,Macrophage.C1qb.Mrc1,38
454,P60Striatum,6,Microglia_Macrophage_C1qb,6-2,Microglia.C1qb.Tmem119,388
455,P60Striatum,7,Endothelial_Stalk_Flt1,7-1,Endothelial_Stalk.Flt1.Car4,500
456,P60Striatum,7,Endothelial_Stalk_Flt1,7-2,Endothelial_Stalk.Flt1.Gkn3,258
457,P60Striatum,8,Mural_Rgs5Acta2,8-1,Mural.Rgs5Acta2.Olfr558,89
458,P60Striatum,8,Mural_Rgs5Acta2,8-2,Mural.Rgs5Acta2.Cnn1,77
459,P60Striatum,8,Mural_Rgs5Acta2,8-3,Mural.Rgs5Acta2.Ccnd1,118
460,P60Striatum,8,Mural_Rgs5Acta2,8-4,Mural.Rgs5Acta2.Kcnj8,80
461,P60Striatum,8,Mural_Rgs5Acta2,8-5,Mural.Rgs5Acta2.Col3a1,27
462,P60Striatum,9,Endothelial_Tip_Dcn,9-1,Endothelial_Tip.Dcn,110
463,P60Striatum,10,Neuron_dSPN_Drd1,10-1,Neuron.Gad1Gad2.Drd1-Fos,738
464,P60Striatum,10,Neuron_dSPN_Drd1,10-2,Neuron.Gad1Gad2.Drd1-Lypd1,1856
465,P60Striatum,10,Neuron_dSPN_Drd1,10-3,Neuron.Gad1Gad2.Drd1-Pde1a,605
466,P60Striatum,10,Neuron_dSPN_Drd1,10-4,Neuron.Gad1Gad2.Drd1-Nefm,11252
467,P60Striatum,10,Neuron_dSPN_Drd1,10-5,Neuron.Gad1Gad2.Drd1-Cxcl14,292
468,P60Striatum,11,Neuron_iSPN_Adora2a,11-1,Neuron.Gad1Gad2.Adora2a-Nefm,9792
469,P60Striatum,11,Neuron_iSPN_Adora2a,11-2,Neuron.Gad1Gad2.Adora2a-Nnat,1806
470,P60Striatum,11,Neuron_iSPN_Adora2a,11-3,Neuron.Gad1Gad2.Adora2a-Fos,519
471,P60Striatum,12,Interneuron_Chat,12-1,Neuron.Gad1Gad2-Chat-Slc17a8.Chat,160
472,P60Striatum,13,Neuron_SPN_BNST_Amygdala_Otof,13-1,Neuron.Gad1Gad2.Drd1-Tpbg,321
473,P60Striatum,13,Neuron_SPN_BNST_Amygdala_Otof,13-2,Neuron.Gad1Gad2.Drd1-Otof-Sorcs1,274
474,P60Striatum,13,Neuron_SPN_BNST_Amygdala_Otof,13-3,Neuron.Gad1Gad2.Drd1-Otof-Lmo2,189
475,P60Striatum,13,Neuron_SPN_BNST_Amygdala_Otof,13-4,Neuron.Gad1Gad2.Adora2a-Otof,212
476,P60Striatum,13,Neuron_SPN_BNST_Amygdala_Otof,13-5,Neuron.Gad1Gad2.Adora2a-Th,88
477,P60Striatum,13,Neuron_SPN_BNST_Amygdala_Otof,13-6,Neuron.Slc17a6.Oprk1,11
478,P60Striatum,13,Neuron_SPN_BNST_Amygdala_Otof,13-7,Neuron.Slc17a7.Cplx3,25
479,P60Striatum,13,Neuron_SPN_BNST_Amygdala_Otof,13-8,Neuron.Slc17a7.Dkk3,19
480,P60Striatum,13,Neuron_SPN_BNST_Amygdala_Otof,13-9,Neuron.Gad1Gad2.Resp18,118
481,P60Striatum,13,Neuron_SPN_BNST_Amygdala_Otof,13-10,Neuron.Gad1Gad2.Drd1-Nfib,53
482,P60Striatum,13,Neuron_SPN_BNST_Amygdala_Otof,13-11,Neuron.Gad1Gad2.Sgol2a,6
483,P60Striatum,14,Interneuron_Pvalb_Th_Pnoc,14-1,Neuron.Gad1Gad2_Pvalb.Pvalb-Megf11,462
484,P60Striatum,14,Interneuron_Pvalb_Th_Pnoc,14-2,Neuron.Gad1Gad2.Pnoc,15
485,P60Striatum,14,Interneuron_Pvalb_Th_Pnoc,14-3,Neuron.Gad1Gad2.Pvalb-Rgs12,107
486,P60Striatum,14,Interneuron_Pvalb_Th_Pnoc,14-4,Neuron.Gad1Gad2-Th.Trh,102
487,P60Striatum,15,Interneuron_Sst,15-1,Neuron.Gad1Gad2.Chodl,239
488,P60Striatum,16,Outlier_Dmrta1,NA,NA,NA
489,P60Striatum,17,Outlier_Deptor,NA,NA,NA
490,P60Striatum,18,Bcell_Cd74,NA,NA,NA
491,P60Striatum,19,RBC_Hbb-bs,NA,NA,NA
492,P60SubstantiaNigra,1,Neuron_CA3_C1ql3,1-1,Neuron.Slc17a7.C1ql3,36
493,P60SubstantiaNigra,2,Neuron_Rora,2-1,Neuron.Slc17a6,148
494,P60SubstantiaNigra,3,Neuron_Gad2,3-1,Neuron.Gad1Gad2.Nfib-Satb1,108
495,P60SubstantiaNigra,3,Neuron_Gad2,3-2,Neuron.Gad1Gad2.Otx2-Chrna3,70
496,P60SubstantiaNigra,3,Neuron_Gad2,3-3,Neuron.Gad1Gad2.Gad2,875
497,P60SubstantiaNigra,3,Neuron_Gad2,3-4,Neuron.Gad1Gad2.Ndnf,46
498,P60SubstantiaNigra,3,Neuron_Gad2,3-5,Neuron.Gad1Gad2.Rln3,27
499,P60SubstantiaNigra,3,Neuron_Gad2,3-6,Neuron.Slc17a6.Tcf4,144
500,P60SubstantiaNigra,3,Neuron_Gad2,3-7,Neuron.Slc17a6-Gad2-Th.Crhbp,121
501,P60SubstantiaNigra,3,Neuron_Gad2,3-8,Neuron.Gad1Gad2.Gad2-Fos,52
502,P60SubstantiaNigra,3,Neuron_Gad2,3-9,Neuron.Slc17a6.Nts,135
503,P60SubstantiaNigra,3,Neuron_Gad2,3-10,Neuron.Slc17a6.Cacna2d1,641
504,P60SubstantiaNigra,3,Neuron_Gad2,3-11,Neuron.Slc17a6.Shox2,192
505,P60SubstantiaNigra,3,Neuron_Gad2,3-12,Neuron.Slc17a6.Nkx6-1,253
506,P60SubstantiaNigra,3,Neuron_Gad2,3-13,Neuron.Gad1Gad2.Sema3e,453
507,P60SubstantiaNigra,3,Neuron_Gad2,3-14,Neuron.Gad1Gad2.Ttn,315
508,P60SubstantiaNigra,3,Neuron_Gad2,3-15,Neuron.Slc17a6.C1ql2,378
509,P60SubstantiaNigra,3,Neuron_Gad2,3-16,Neuron.Gad1Gad2.Gad2-Kcnc3,128
510,P60SubstantiaNigra,3,Neuron_Gad2,3-17,Neuron.Gad1Gad2.Sema3e-Kcng4,80
511,P60SubstantiaNigra,3,Neuron_Gad2,3-18,Neuron.Gad1Gad2.Pax5,437
512,P60SubstantiaNigra,3,Neuron_Gad2,3-19,Neuron.Gad1Gad2.Tmem132c,86
513,P60SubstantiaNigra,4,Neuron_Th,4-1,Neuron.Th-Slc17a6-Lpl,98
514,P60SubstantiaNigra,4,Neuron_Th,4-2,Neuron.Th.Cbln1,55
515,P60SubstantiaNigra,4,Neuron_Th,4-3,Neuron.Th.Cyp26b1,87
516,P60SubstantiaNigra,4,Neuron_Th,4-4,Neuron.Th.C1ql3,63
517,P60SubstantiaNigra,4,Neuron_Th,4-5,Neuron.Th.Vcan,108
518,P60SubstantiaNigra,4,Neuron_Th,4-6,Neuron.Th.Cadm2,11
519,P60SubstantiaNigra,4,Neuron_Th,4-7,Neuron.Th.Nefl,116
520,P60SubstantiaNigra,4,Neuron_Th,4-8,Neuron.Th.Aldh1a1,166
521,P60SubstantiaNigra,4,Neuron_Th,4-9,Neuron.Th.Grin2c,159
522,P60SubstantiaNigra,5,Polydendrocyte_Tnr,5-1,Polydendrocyte.Tnr.Bmp4,77
523,P60SubstantiaNigra,5,Polydendrocyte_Tnr,5-2,Polydendrocyte.Tnr.Tmem2,115
524,P60SubstantiaNigra,5,Polydendrocyte_Tnr,5-3,Polydendrocyte.Tnr.Opalin,72
525,P60SubstantiaNigra,6,Polydendrocyte_Cacng4,6-1,Polydendrocyte.Tnr.Cspg5,40
526,P60SubstantiaNigra,6,Polydendrocyte_Cacng4,6-2,Polydendrocyte.Tnr.Cspg5-Dad1,108
527,P60SubstantiaNigra,7,Astrocyte_Gja1,7-1,Astrocyte.Gja1.Myoc,134
528,P60SubstantiaNigra,7,Astrocyte_Gja1,7-2,Astrocyte.Gja1.Cst3,1146
529,P60SubstantiaNigra,7,Astrocyte_Gja1,7-3,Astrocyte.Gja1.Igfbp2,31
530,P60SubstantiaNigra,8,Ependyma_Ccdc153,8-1,Ependyma.Ccdc153,24
531,P60SubstantiaNigra,9,Microglia_Macrophage_C1qb,9-1,Macrophage.C1qb.Mrc1,80
532,P60SubstantiaNigra,9,Microglia_Macrophage_C1qb,9-2,Microglia.C1qb.Tmem119,20
533,P60SubstantiaNigra,10,Oligodendrocyte_Tfr,10-1,Oligodendrocyte.Tfr.Slco3a1,3681
534,P60SubstantiaNigra,10,Oligodendrocyte_Tfr,10-2,Oligodendrocyte.Tfr.Plin3,1060
535,P60SubstantiaNigra,10,Oligodendrocyte_Tfr,10-3,Oligodendrocyte.Tfr.Ndrg2,533
536,P60SubstantiaNigra,10,Oligodendrocyte_Tfr,10-4,Oligodendrocyte.Tfr.Il33,3603
537,P60SubstantiaNigra,10,Oligodendrocyte_Tfr,10-5,Oligodendrocyte.Tfr.Ctps,481
538,P60SubstantiaNigra,11,Oligodendrocyte_Mbp,11-1,Oligodendrocyte.Tnr.Rps24,177
539,P60SubstantiaNigra,12,Endothelial_Stalk_Flt1,12-1,Endothelial_Stalk.Flt1.Cdkn1c,811
540,P60SubstantiaNigra,12,Endothelial_Stalk_Flt1,12-2,Endothelial_Stalk.Flt1.Gkn3,31
541,P60SubstantiaNigra,12,Endothelial_Stalk_Flt1,12-3,Endothelial_Stalk.Flt1.Car4,888
542,P60SubstantiaNigra,12,Endothelial_Stalk_Flt1,12-4,Endothelial_Stalk.Flt1.Vwf,352
543,P60SubstantiaNigra,13,Mural_Rgs5Acta2,13-1,Mural.Rgs5Acta2.Rgs5,222
544,P60SubstantiaNigra,13,Mural_Rgs5Acta2,13-2,Mural.Rgs5Acta2.Kcnj8,35
545,P60SubstantiaNigra,13,Mural_Rgs5Acta2,13-3,Mural.Rgs5Acta2.Cd9,335
546,P60SubstantiaNigra,13,Mural_Rgs5Acta2,13-4,Mural.Rgs5Acta2.Cbr2,110
547,P60SubstantiaNigra,13,Mural_Rgs5Acta2,13-5,Mural.Rgs5Acta2.Fos,57
548,P60SubstantiaNigra,14,Endothelial_Tip_Dcn,14-1,Endothelial_Tip.Dcn.Mgp,98
549,P60SubstantiaNigra,14,Endothelial_Tip_Dcn,14-2,Endothelial_Tip.Dcn.Ifitm1,55
550,P60SubstantiaNigra,14,Endothelial_Tip_Dcn,14-3,Endothelial_Tip.Dcn.Alcam,11
551,P60SubstantiaNigra,15,PBMC_Ccl2,NA,NA,NA
552,P60SubstantiaNigra,16,Neuron_Ucn,NA,NA,NA
553,P60SubstantiaNigra,17,Tcell_Ccl5,NA,NA,NA
554,P60SubstantiaNigra,18,Bcell_Cd74,NA,NA,NA
555,P60SubstantiaNigra,19,Mitosis_MkI67,NA,NA,NA
556,P60SubstantiaNigra,20,RBC_Hbb-bs,NA,NA,NA
557,P60Thalamus,1,Neuron_Habenula_Tac2,1-1,Neuron.Slc17a7.Tac2.Chat,114
558,P60Thalamus,1,Neuron_Habenula_Tac2,1-2,Neuron.Slc17a7.Tac2.Syt15,171
559,P60Thalamus,1,Neuron_Habenula_Tac2,1-3,Neuron.Slc17a7.Tac2.Wif1,188
560,P60Thalamus,1,Neuron_Habenula_Tac2,1-4,Neuron.Slc17a7.Tac2.Htr2c,26
561,P60Thalamus,2,Neuron_Rora,2-1,Neuron.Slc17a6.Rora.Atp2b4,722
562,P60Thalamus,2,Neuron_Rora,2-2,Neuron.Slc17a6.Rora.Nptxr,1544
563,P60Thalamus,2,Neuron_Rora,2-3,Neuron.Slc17a6.Rora.Calca,661
564,P60Thalamus,2,Neuron_Rora,2-4,Neuron.Slc17a6.Rora.Nrp2,1181
565,P60Thalamus,2,Neuron_Rora,2-5,Neuron.Slc17a6.Rora.C1ql2,151
566,P60Thalamus,2,Neuron_Rora,2-6,Neuron.Slc17a6.Rora.Fgf10,680
567,P60Thalamus,2,Neuron_Rora,2-7,Neuron.Slc17a6.Rora.Lypd6,321
568,P60Thalamus,2,Neuron_Rora,2-8,Neuron.Slc17a6.Rora.Cbln2,1781
569,P60Thalamus,2,Neuron_Rora,2-9,Neuron.Slc17a6.Rora.Lrrtm2,332
570,P60Thalamus,2,Neuron_Rora,2-10,Neuron.Slc17a6.Rora.Cacng4,4066
571,P60Thalamus,2,Neuron_Rora,2-11,Neuron.Slc17a6.Rora.Pvalb,3900
572,P60Thalamus,3,Neuron_Gad2-Ahi1,3-1,Neuron.Gad1Gad2.Six3-Adcy1,316
573,P60Thalamus,3,Neuron_Gad2-Ahi1,3-2,Neuron.Gad1Gad2.Six3-Sst,181
574,P60Thalamus,3,Neuron_Gad2-Ahi1,3-3,Neuron.Gad1Gad2.Pou6f2-Pax6,441
575,P60Thalamus,3,Neuron_Gad2-Ahi1,3-4,Neuron.Slc17a6.Pitx2,159
576,P60Thalamus,3,Neuron_Gad2-Ahi1,3-5,Neuron.Gad1Gad2.Chrnb3,198
577,P60Thalamus,3,Neuron_Gad2-Ahi1,3-6,Neuron.Gad1Gad2.Gata3,204
578,P60Thalamus,3,Neuron_Gad2-Ahi1,3-7,Neuron.Slc17a6-Gad1Gad2.Asb4,197
579,P60Thalamus,3,Neuron_Gad2-Ahi1,3-8,Neuron.Gad1Gad2.Col25a1,692
580,P60Thalamus,3,Neuron_Gad2-Ahi1,3-9,Neuron.Slc17a6.Nrgn,226
581,P60Thalamus,3,Neuron_Gad2-Ahi1,3-10,Neuron.Slc17a6.Ebf1,247
582,P60Thalamus,3,Neuron_Gad2-Ahi1,3-11,Neuron.Gad1Gad2.Ttn,69
583,P60Thalamus,4,Endothelial_Stalk_Flt1,4-1,Endothelial_Stalk.Flt1.Gkn3,1473
584,P60Thalamus,4,Endothelial_Stalk_Flt1,4-2,Endothelial_Stalk.Flt1.Pi16,23
585,P60Thalamus,4,Endothelial_Stalk_Flt1,4-3,Endothelial_Stalk.Flt1.Car4,2290
586,P60Thalamus,4,Endothelial_Stalk_Flt1,4-4,Endothelial_Stalk.Flt1.Vwf,315
587,P60Thalamus,5,Mural_Rgs5Acta2,5-1,Mural.Rgs5Acta2.Cnn1,494
588,P60Thalamus,5,Mural_Rgs5Acta2,5-2,Mural.Rgs5Acta2.Car4,473
589,P60Thalamus,6,Endothelial_Tip_Dcn,6-1,Endothelial_Tip.Dcn,111
590,P60Thalamus,6,Endothelial_Tip_Dcn,6-2,Endothelial_Tip.Dcn.Nenf,92
591,P60Thalamus,7,Microglia_Macrophage_C1qb,7-1,Macrophage.C1qb.Mrc1,85
592,P60Thalamus,7,Microglia_Macrophage_C1qb,7-2,Microglia.C1qb.Tmem119,116
593,P60Thalamus,8,Oligodendrocyte_Tfr,8-1,Oligodendrocyte.Trf.Klk6,1556
594,P60Thalamus,8,Oligodendrocyte_Tfr,8-2,Oligodendrocyte.Trf.Il33,11530
595,P60Thalamus,8,Oligodendrocyte_Tfr,8-3,Oligodendrocyte.Trf.Ctps,871
596,P60Thalamus,8,Oligodendrocyte_Tfr,8-4,Oligodendrocyte.Trf.Ndrg2,486
597,P60Thalamus,9,Oligodendrocyte_Mbp,9-1,Oligodendrocyte.Trf.Ndrg2,158
598,P60Thalamus,10,Ependyma_Ccd153,10-1,Ependymal.Ccdc153,376
599,P60Thalamus,11,Astrocyte_Gja1,11-1,Astrocyte.Gja1.Myoc,71
600,P60Thalamus,11,Astrocyte_Gja1,11-2,Astrocyte.Gja1.Vegfa,901
601,P60Thalamus,12,Polydendrocyte_Tnr,12-1,Polydendrocyte.Tnr.Pdgfa,113
602,P60Thalamus,12,Polydendrocyte_Tnr,12-2,Polydendrocyte.Tnr.Ctps,108
603,P60Thalamus,12,Polydendrocyte_Tnr,12-3,Polydendrocyte.Tnr.Bmp4,159
604,P60Thalamus,12,Polydendrocyte_Tnr,12-4,Polydendrocyte.Tnr.Cspg5,53
605,P60Thalamus,13,Polydendrocytes_Cacng4,NA,NA,NA
606,P60Thalamus,14,Bcell_Cd74,NA,NA,NA
607,P60Thalamus,15,Mitosis_MkI67,NA,NA,NA